name,website,social1,social2,social3,social4,social5,social6
Galactic Arena,https://galacticarena.io/,https://galactic-arena-the-nftverse.gitbook.io/galactic-arena-the-nftverse/,https://t.me/theNFTverse,https://discord.com/invite/a3QfP56Dhe,https://twitter.com/GANFTverseBSC,https://reddit.com/r/GalacticArena,
BSC MemePad,https://www.bscmemepad.com,https://t.me/BSCMemePad,https://bscscan.com/token/0x63133dE69e94f225726426FA729a7c515A51D75a,https://t.me/BSCMemePadANN,https://twitter.com/BSCMemePad,,
The Monopolist,http://themonopolist.io/,https://drive.google.com/file/d/19V1FIW15envVN0bpogTxuTrbHdKNSWpF/view,https://t.me/themonopolist,https://discord.com/invite/j8kxSUbaVx,https://bscscan.com/token/0xD4099A517f2Fbe8a730d2ECaad1D0824B75e084a,https://twitter.com/MonoNFTsGame,https://reddit.com/r/MonoNFTs
SeedOn,https://seedon.io,https://whitepaper.seedon.io,https://t.me/SeedOnVenture,https://bscscan.com/address/0x7672843c25c5ba11191da8da40c0881d7e77d9e0,https://finance.yahoo.com/news/seedon-world-first-blockchain-based-170000453.html,https://medium.com/seedonventure,https://medium.com/seedonventure
Meland,https://www.meland.ai/,https://docs.meland.ai/meland-platform/introduction,https://t.me/melandaiWorld,https://discord.com/invite/Jgnx2Wy9GN,https://twitter.com/meland_ai,,
Charged Particles,https://charged.fi/,https://discord.com/invite/Syh3gjz,https://twitter.com/DefiNft,,,,
THORSwap,https://thorswap.finance,https://github.com/thorswap,https://docs.thorswap.finance,https://discord.gg/thorswap,https://t.me/thorswap_ann,https://etherscan.io/token/0xa5f2211B9b8170F694421f2046281775E8468044,https://t.me/thorswap_ann
NuNet,https://www.nunet.io,https://gitlab.com/nunet,https://nunet-io.github.io/public/NuNet_Whitepaper.pdf,https://t.me/NuNet_Community,https://medium.com/nunet,https://twitter.com/nunet_global,
Trickle,https://www.trickle.cloud,https://docsend.com/view/i5j6k9tyxebrdvzi,https://t.me/trickledrip,https://blog.trickle.cloud,https://twitter.com/trickledrip,,
Pocket Arena,https://pocketarena.com/,https://whitepaper.pocketarena.com/,https://t.me/swisspoc,https://discord.com/invite/hZSA6jMBfg,https://medium.com/pocketarena,https://twitter.com/pocketarena,
Ariadne,https://ariadne.finance/?utm_source=cryptorank,https://t.me/ariadne_finance,https://medium.com/ariadne-project,https://twitter.com/Ariadne_finance,,,
Numbers Protocol,https://www.numbersprotocol.io/,https://github.com/numbersprotocol,https://t.me/numbersprotocol,https://discord.com/invite/KBtfEpxd3Z,https://medium.com/numbers-protocol,https://twitter.com/numbersprotocol,
Elemon,https://elemon.io/,https://whitepaper.elemon.io/,https://t.me/ElemonOfficial,https://elemon.substack.com/,https://twitter.com/ElemonGame,,
Mech Master,https://mechmaster.io/#/?utm_source=cryptorank,https://whitepaper.mechmaster.io/,https://t.me/MechMaster_Official,https://discord.com/invite/xs8MDRvbaF,https://bscscan.com/token/0xc7b7844494c516b840a7a4575ff3e60ff0f056a9,https://medium.com/mech-master,https://twitter.com/mechmaster_io
CryptoXpress,https://cryptoxpress.com/,https://cryptoxpress.com/whitepaper.pdf,https://t.me/crypto_xpress,https://www.facebook.com/iamCryptoxpress/,https://twitter.com/crypto_xpress,,
Gold Fever,https://goldfever.io/,https://t.me/goldfevergame,https://discord.com/invite/aX6QPxbRKa,https://twitter.com/goldfevergame,,,
BICONOMY,https://biconomy.io,https://t.me/biconomy,https://twitter.com/biconomy,,,,
Asva finance,https://bscscan.com/token/0x83d787203610b0737fec1cbb1aa581014009214d,https://asva.finance,https://github.com/asvalabs,https://asvalabs.gitbook.io/,https://t.me/asvafinance,https://discord.gg/HPTykQyRPY,https://bscscan.com/token/0x83d787203610b0737fec1cbb1aa581014009214d
Realm Defenders,https://therealmdefenders.com/,https://t.me/TheRealmDefenders,https://medium.com/@realmdefenders,https://twitter.com/realm_defenders,,,
Demole,https://demole.io/,https://www.demole.io/Demole_PitchDeck.pdf,https://t.me/demole_ioCommunity,https://bscscan.com/token/0x1c796c140de269e255372ea687ef7644bab87935,https://t.me/Demoleio,https://medium.com/@Demole.io,https://twitter.com/demoleio
Merit Circle,https://www.meritcircle.io/,https://t.me/meritcircle,https://discord.com/invite/meritcircle,https://etherscan.io/token/0x949d48eca67b17269629c7194f4b727d4ef9e5d6,https://t.me/meritcircle_ann,https://medium.com/@meritcircle,https://twitter.com/MeritCircle_IO
GoldMiner,http://goldminer.games/#/,https://github.com/GoldMinerGames/GoldMiner/tree/master/contracts,https://goldminer.gitbook.io/goldminer-whitepaper/,https://t.me/GoldMiner_Game,https://twitter.com/DeFiGoldMiner,,
Good Games Guild,https://goodgamesguild.com/,https://github.com/goodgamesguild,https://discord.gg/x47U9qkR5K,https://t.me/GoodGamesGuildChat,https://bscscan.com/token/0xd8047afecb86e44eff3add991b9f063ed4ca716b,https://t.me/GoodGamesGuildAnn,https://twitter.com/goodgamesguild
Solend,https://solend.fi/,https://github.com/solendprotocol,https://docs.solend.fi/,discord.gg/avXSrPcA,https://twitter.com/solendprotocol,,
SHILL Token,https://projectseed.io,https://docsend.com/view/5rbetcgn4vvms4ny,https://t.me/projectseed,https://discord.gg/wDSyjZ7HvH,https://projectseed.io/index.php/home/news_detail/13,https://projectseed.io/index.php/home/news,https://twitter.com/ProjectSeedGame
Zamio,https://github.com/Zamzam-Technology,https://zam.me,https://github.com/Zamzam-Technology,https://docs.zam.io/,https://t.me/zamio_chat,https://t.me/zam_io,https://bscscan.com/token/0xBbcF57177D8752B21d080bf30a06CE20aD6333F8
Moonriver,https://github.com/PureStake/moonbeam,https://moonbeam.foundation/,https://github.com/PureStake/moonbeam,https://docs.moonbeam.network/,https://t.me/Moonbeam_Official,https://discord.gg/amTRXQ9ZpW,https://moonbase.subscan.io
IoTex Pad,https://iotexpad.network/?utm_source=icodrops,,,,,,
